{
  "GET_Posts_Request" : {
    "transaction" : "GET_Posts_Request",
    "sampleCount" : 10,
    "errorCount" : 0,
    "errorPct" : 0.0,
    "meanResTime" : 545.7,
    "medianResTime" : 451.5,
    "minResTime" : 380.0,
    "maxResTime" : 1025.0,
    "pct1ResTime" : 1016.4000000000001,
    "pct2ResTime" : 1025.0,
    "pct3ResTime" : 1025.0,
    "throughput" : 1.9282684149633629,
    "receivedKBytesPerSec" : 54.371520078094875,
    "sentKBytesPerSec" : 0.25609814886232163
  },
  "Total" : {
    "transaction" : "Total",
    "sampleCount" : 10,
    "errorCount" : 0,
    "errorPct" : 0.0,
    "meanResTime" : 545.7,
    "medianResTime" : 451.5,
    "minResTime" : 380.0,
    "maxResTime" : 1025.0,
    "pct1ResTime" : 1016.4000000000001,
    "pct2ResTime" : 1025.0,
    "pct3ResTime" : 1025.0,
    "throughput" : 1.9282684149633629,
    "receivedKBytesPerSec" : 54.371520078094875,
    "sentKBytesPerSec" : 0.25609814886232163
  }
}